id,first_name,last_name,email,gender,ip_address
1,Anna-diane,Espley,aespley0@pinterest.com,02/25/2024,214.178.185.199
2,Morty,Petrolli,mpetrolli1@gizmodo.com,11/24/2023,60.34.21.8
3,Quintina,Rookwell,qrookwell2@cargocollective.com,08/25/2023,67.249.76.12
4,Thacher,Marien,tmarien3@vkontakte.ru,05/27/2023,29.140.21.210
5,Celestina,Wingate,cwingate4@xinhuanet.com,01/12/2024,243.155.4.148
6,Evonne,Eades,eeades5@nbcnews.com,10/02/2023,163.36.246.5
7,Maryellen,Fallon,mfallon6@accuweather.com,09/23/2023,64.20.24.23
8,Brande,Melloy,bmelloy7@technorati.com,07/10/2023,0.248.35.213
9,Abner,Shirlaw,ashirlaw8@foxnews.com,04/06/2023,77.55.141.204
10,Briny,Gierck,bgierck9@rediff.com,07/31/2023,220.20.46.128
11,Vere,Olenchenko,volenchenkoa@yale.edu,01/10/2024,204.49.45.245
12,Bellina,Adanet,badanetb@buzzfeed.com,03/04/2024,162.66.49.24
13,Son,McArd,smcardc@oracle.com,11/20/2023,95.25.232.251
14,Farley,Gurden,fgurdend@hhs.gov,07/14/2023,239.25.145.52
15,Devinne,Dwerryhouse,ddwerryhousee@aboutads.info,02/16/2024,21.177.63.196
16,Vonnie,Kasperski,vkasperskif@marketwatch.com,03/30/2023,92.14.21.232
17,Rania,Dumelow,rdumelowg@abc.net.au,04/21/2023,76.220.6.155
18,Jocelyn,Tibbles,jtibblesh@ustream.tv,11/29/2023,79.112.10.246
19,Garrek,Rudkin,grudkini@java.com,09/21/2023,75.247.65.137
20,Christina,Mulran,cmulranj@deviantart.com,06/03/2023,185.27.98.88
21,Talya,Honnicott,thonnicottk@blog.com,04/22/2023,138.87.51.142
22,Tanhya,Stitch,tstitchl@npr.org,02/07/2024,144.10.219.189
23,Theodosia,Veasey,tveaseym@thetimes.co.uk,12/18/2023,69.88.57.72
24,Therese,Paudin,tpaudinn@dedecms.com,11/19/2023,186.183.41.59
25,Corrinne,Tolossi,ctolossio@skyrock.com,01/01/2024,166.212.33.19
26,Leena,Morecombe,lmorecombep@themeforest.net,01/24/2024,181.137.217.252
27,Jodie,Stone Fewings,jstonefewingsq@discuz.net,11/09/2023,136.246.104.115
28,Celina,Lawleff,clawleffr@washington.edu,10/31/2023,67.182.61.212
29,Pernell,Poleye,ppoleyes@nih.gov,08/24/2023,197.77.213.120
30,Cirstoforo,Iacovielli,ciacoviellit@hibu.com,12/04/2023,89.17.189.243
31,Cleon,Scholtz,cscholtzu@psu.edu,06/01/2023,94.168.73.55
32,Callean,Conquest,cconquestv@mediafire.com,08/19/2023,245.121.237.85
33,Ancell,Ilott,ailottw@shareasale.com,08/16/2023,105.135.169.143
34,Karney,Slowly,kslowlyx@blogger.com,05/21/2023,96.65.186.197
35,Amye,Gristock,agristocky@wunderground.com,12/13/2023,16.128.104.152
36,Minne,Bubear,mbubearz@google.de,12/29/2023,109.52.107.56
37,Earvin,Joyce,ejoyce10@wikia.com,06/07/2023,210.4.64.33
38,Eleonora,Trewin,etrewin11@fastcompany.com,10/01/2023,198.215.235.201
39,Fons,Pluthero,fpluthero12@alexa.com,12/25/2023,197.241.117.138
40,Sheilakathryn,Choat,schoat13@ocn.ne.jp,08/25/2023,59.27.18.205
41,Lane,Ing,ling14@netvibes.com,04/29/2023,239.143.244.253
42,Eberhard,Thorn,ethorn15@4shared.com,04/28/2023,106.63.79.176
43,Charlean,Ben,cben16@wikispaces.com,07/21/2023,80.153.132.14
44,Mufinella,Bryers,mbryers17@yelp.com,03/12/2023,134.228.148.1
45,Sharity,Popplewell,spopplewell18@clickbank.net,07/14/2023,233.169.247.193
46,Loy,Forsdike,lforsdike19@4shared.com,03/14/2023,244.104.19.186
47,Jock,Lampbrecht,jlampbrecht1a@cam.ac.uk,11/29/2023,223.231.218.208
48,Hastings,Liddard,hliddard1b@xrea.com,01/13/2024,226.202.122.139
49,Afton,Troyes,atroyes1c@last.fm,08/16/2023,26.21.179.35
50,Dunn,Espinal,despinal1d@elegantthemes.com,01/30/2024,68.195.141.140
51,Tiff,La Rosa,tlarosa1e@t-online.de,07/24/2023,33.113.112.75
52,Gianni,Menichillo,gmenichillo1f@newyorker.com,01/02/2024,104.230.31.15
53,Kalina,Matton,kmatton1g@indiegogo.com,02/18/2024,197.107.161.141
54,Andre,Else,aelse1h@google.cn,02/17/2024,103.222.244.130
55,Reinwald,Ausello,rausello1i@eepurl.com,10/02/2023,125.59.207.63
56,Hilario,Corkel,hcorkel1j@ow.ly,01/19/2024,236.220.151.30
57,Leonore,Emmett,lemmett1k@hexun.com,05/01/2023,237.127.179.165
58,Patrice,Ortells,portells1l@stumbleupon.com,05/10/2023,7.115.95.18
59,Berky,Iacovuzzi,biacovuzzi1m@gov.uk,08/22/2023,91.42.21.238
60,Ring,Reavell,rreavell1n@ocn.ne.jp,07/25/2023,184.203.36.239
61,Marthe,Lonergan,mlonergan1o@redcross.org,08/26/2023,102.6.67.196
62,Caria,Shakelady,cshakelady1p@psu.edu,12/03/2023,213.34.6.60
63,Hamnet,Attoe,hattoe1q@google.co.uk,11/17/2023,159.158.212.248
64,Maribeth,Arnaudet,marnaudet1r@deliciousdays.com,05/25/2023,2.95.247.56
65,Kip,Conor,kconor1s@xrea.com,05/20/2023,34.66.92.147
66,Yehudi,Beaney,ybeaney1t@rakuten.co.jp,02/16/2024,4.210.165.99
67,Mateo,Fraschetti,mfraschetti1u@kickstarter.com,08/22/2023,219.35.73.175
68,Elvis,Hastin,ehastin1v@google.pl,09/19/2023,252.156.193.51
69,Courtnay,Pavic,cpavic1w@a8.net,10/18/2023,106.147.47.83
70,Minne,Pearse,mpearse1x@usnews.com,01/29/2024,181.213.244.69
71,Claudell,Coggan,ccoggan1y@sciencedaily.com,05/26/2023,75.0.49.111
72,Micki,Champneys,mchampneys1z@liveinternet.ru,09/05/2023,17.23.71.175
73,Richie,Mishaw,rmishaw20@sina.com.cn,01/25/2024,19.164.133.211
74,Hammad,Hassur,hhassur21@wordpress.org,08/20/2023,60.176.215.136
75,Fraze,Semark,fsemark22@indiatimes.com,01/04/2024,16.44.109.95
76,Samantha,Farnes,sfarnes23@mapy.cz,12/14/2023,111.200.218.161
77,Cecelia,Peace,cpeace24@telegraph.co.uk,04/20/2023,147.104.134.98
78,Rudy,Wehden,rwehden25@hubpages.com,08/06/2023,72.61.65.174
79,Eldon,Dunne,edunne26@xrea.com,09/02/2023,100.104.245.144
80,Tyler,Ough,tough27@nationalgeographic.com,01/29/2024,198.150.224.38
81,Don,Chippendale,dchippendale28@cnbc.com,10/22/2023,39.158.159.5
82,Ambrose,Tremlett,atremlett29@sitemeter.com,12/07/2023,153.122.113.84
83,Giustina,Riba,griba2a@pinterest.com,08/09/2023,251.8.12.133
84,Anastassia,Tuffell,atuffell2b@cyberchimps.com,06/16/2023,144.136.217.237
85,Waylen,Coning,wconing2c@deliciousdays.com,11/28/2023,56.161.95.32
86,Willyt,Britt,wbritt2d@sakura.ne.jp,02/08/2024,57.215.154.200
87,Elsinore,Branchflower,ebranchflower2e@booking.com,02/10/2024,84.51.245.69
88,Enoch,Siss,esiss2f@marriott.com,08/07/2023,97.68.207.62
89,Samantha,McCallum,smccallum2g@simplemachines.org,04/01/2023,120.103.208.246
90,Sven,Pow,spow2h@yale.edu,04/24/2023,144.90.250.74
91,Filberte,Kuhnke,fkuhnke2i@newsvine.com,02/16/2024,117.18.98.67
92,Ursa,Covely,ucovely2j@typepad.com,11/11/2023,7.191.30.139
93,Sig,Leavesley,sleavesley2k@hud.gov,02/09/2024,155.118.129.252
94,Vassily,Chettle,vchettle2l@time.com,11/18/2023,32.155.115.64
95,Ivonne,Pettett,ipettett2m@istockphoto.com,05/18/2023,220.75.22.199
96,Bartolomeo,Frodsham,bfrodsham2n@reference.com,01/09/2024,210.107.159.221
97,Ephrayim,Blune,eblune2o@artisteer.com,12/20/2023,4.14.206.7
98,Corrie,Gratland,cgratland2p@a8.net,01/18/2024,127.114.86.255
99,Ara,De Simone,adesimone2q@skyrock.com,09/06/2023,238.243.84.153
100,Merrile,Bartolic,mbartolic2r@sohu.com,03/09/2024,70.146.77.170
101,Nikolai,Stinson,nstinson2s@jimdo.com,04/13/2023,254.13.66.234
102,Kimmie,Leah,kleah2t@disqus.com,11/17/2023,249.162.254.49
103,Frankie,Roux,froux2u@yolasite.com,12/18/2023,6.180.145.29
104,Junia,Edworthye,jedworthye2v@sohu.com,12/07/2023,78.229.255.48
105,Brenna,Haydney,bhaydney2w@canalblog.com,01/22/2024,250.186.102.233
106,Chandra,Tellenbrok,ctellenbrok2x@prweb.com,07/19/2023,222.203.166.246
107,Gale,Avrahamy,gavrahamy2y@upenn.edu,05/02/2023,28.23.55.193
108,Coreen,Kidd,ckidd2z@hao123.com,01/31/2024,62.55.120.174
109,Nolly,Masedon,nmasedon30@tinyurl.com,10/13/2023,224.19.209.72
110,Kip,Dartnall,kdartnall31@phoca.cz,10/02/2023,163.116.245.108
111,Marabel,Putton,mputton32@unc.edu,03/06/2024,91.221.77.207
112,Kaitlyn,Christophle,kchristophle33@fotki.com,12/22/2023,213.120.120.243
113,Dorette,Stathers,dstathers34@businessinsider.com,04/27/2023,72.97.167.227
114,Alexina,Merredy,amerredy35@sogou.com,02/29/2024,207.210.83.141
115,Muriel,Matterface,mmatterface36@about.com,02/01/2024,92.107.38.28
116,Grenville,Camelia,gcamelia37@360.cn,05/16/2023,146.135.209.158
117,Gaye,Pepye,gpepye38@virginia.edu,11/28/2023,234.58.156.29
118,Lucienne,Pickthall,lpickthall39@theglobeandmail.com,11/26/2023,180.243.31.223
119,Robenia,Hains,rhains3a@istockphoto.com,05/10/2023,100.118.154.222
120,Dallon,Stockoe,dstockoe3b@comsenz.com,06/18/2023,11.212.171.107
121,Gavin,Akers,gakers3c@shareasale.com,06/06/2023,174.109.188.61
122,Constantino,Cossam,ccossam3d@google.com.br,09/08/2023,112.112.56.179
123,Lucinda,Westmoreland,lwestmoreland3e@nyu.edu,09/19/2023,42.82.98.140
124,Trista,Prydden,tprydden3f@tamu.edu,09/06/2023,228.107.255.84
125,Chery,Ferenczy,cferenczy3g@sciencedirect.com,11/04/2023,172.99.120.70
126,Petey,Winborn,pwinborn3h@smh.com.au,04/05/2023,222.8.190.237
127,Ingrid,Gilbeart,igilbeart3i@addthis.com,07/02/2023,124.129.83.64
128,Enriqueta,Dobey,edobey3j@usda.gov,03/04/2024,171.69.223.222
129,Bert,Oloman,boloman3k@sphinn.com,09/21/2023,168.38.69.68
130,Tressa,Daventry,tdaventry3l@nba.com,11/26/2023,55.20.124.170
131,Tish,Hurlin,thurlin3m@aboutads.info,09/08/2023,86.22.195.33
132,Anjanette,Cuddy,acuddy3n@illinois.edu,01/10/2024,104.84.175.135
133,Tamra,Calf,tcalf3o@is.gd,11/16/2023,49.111.130.192
134,Heather,Priver,hpriver3p@drupal.org,07/29/2023,23.149.247.234
135,Dee dee,Acory,dacory3q@aboutads.info,08/22/2023,226.252.123.69
136,Shelby,Clackers,sclackers3r@reuters.com,11/22/2023,181.240.161.127
137,Elise,Beckwith,ebeckwith3s@creativecommons.org,08/05/2023,236.77.244.27
138,Ashby,Stockdale,astockdale3t@economist.com,06/15/2023,229.40.71.74
139,Gabriell,Barnshaw,gbarnshaw3u@tripod.com,09/05/2023,239.68.39.206
140,Lyda,Lewknor,llewknor3v@surveymonkey.com,10/04/2023,64.135.118.44
141,Kristan,Venning,kvenning3w@seesaa.net,01/04/2024,96.255.250.24
142,Gabie,Mursell,gmursell3x@discuz.net,09/05/2023,162.65.28.56
143,Rustie,Musgrove,rmusgrove3y@squidoo.com,06/03/2023,74.31.99.96
144,Myrah,Beran,mberan3z@youtu.be,07/28/2023,59.219.119.29
145,Luelle,Bentham,lbentham40@scribd.com,04/13/2023,130.79.173.19
146,Artus,Ledgley,aledgley41@rambler.ru,01/15/2024,245.40.15.34
147,Shandy,Glowacha,sglowacha42@baidu.com,05/26/2023,73.196.91.239
148,Woody,Morten,wmorten43@oaic.gov.au,02/20/2024,139.41.76.123
149,Cheston,Pitceathly,cpitceathly44@jimdo.com,10/03/2023,82.234.94.184
150,Babbette,Kitchiner,bkitchiner45@cornell.edu,04/28/2023,104.225.125.117
151,Loren,Dowdney,ldowdney46@ebay.com,12/11/2023,40.113.44.102
152,Geordie,Kullmann,gkullmann47@wiley.com,05/25/2023,245.67.239.98
153,Ezra,Feeny,efeeny48@naver.com,04/10/2023,133.85.56.4
154,Carree,Tumbridge,ctumbridge49@paginegialle.it,08/10/2023,182.42.104.157
155,Bendick,Richardon,brichardon4a@statcounter.com,07/07/2023,189.59.105.105
156,Jade,Yurin,jyurin4b@pbs.org,10/06/2023,105.82.183.181
157,Gypsy,Jancso,gjancso4c@posterous.com,04/19/2023,177.207.92.219
158,Tanya,Popple,tpopple4d@opensource.org,12/02/2023,237.129.2.8
159,Austina,Mowbray,amowbray4e@fda.gov,05/05/2023,245.109.213.59
160,Tobit,Wansbury,twansbury4f@bloomberg.com,04/21/2023,188.168.154.27
161,Perrine,Wallington,pwallington4g@wikia.com,03/27/2023,17.29.26.236
162,Elsinore,Saldler,esaldler4h@discuz.net,10/07/2023,252.169.252.90
163,Nertie,Mathelin,nmathelin4i@virginia.edu,05/19/2023,150.250.147.234
164,Rand,Fancy,rfancy4j@soup.io,08/09/2023,118.178.0.206
165,Rabbi,Blaiklock,rblaiklock4k@ted.com,10/05/2023,60.71.47.244
166,Dannye,Ruhben,druhben4l@wufoo.com,07/01/2023,246.176.226.136
167,Meredeth,Gemnett,mgemnett4m@artisteer.com,06/05/2023,192.34.161.216
168,Dyna,Leahey,dleahey4n@odnoklassniki.ru,11/18/2023,176.49.89.97
169,Maridel,Hunnicutt,mhunnicutt4o@bing.com,06/14/2023,122.192.115.107
170,Suzanna,MacAirt,smacairt4p@nih.gov,06/22/2023,205.104.194.36
171,Row,Sheeran,rsheeran4q@slideshare.net,10/16/2023,22.105.50.53
172,Piotr,Cardenoza,pcardenoza4r@amazon.co.uk,04/27/2023,74.105.216.145
173,Braden,Mitchley,bmitchley4s@biblegateway.com,06/30/2023,173.104.0.139
174,Kori,Canadine,kcanadine4t@blog.com,05/11/2023,62.24.199.134
175,Marena,Kirke,mkirke4u@blogspot.com,09/17/2023,148.60.197.8
176,Inglis,Labrone,ilabrone4v@sciencedirect.com,06/19/2023,116.66.62.218
177,Jeromy,Toppas,jtoppas4w@jimdo.com,05/10/2023,114.206.244.78
178,Marj,Geeritz,mgeeritz4x@ihg.com,09/26/2023,213.35.121.214
179,Lacey,Spilsted,lspilsted4y@army.mil,08/07/2023,35.93.65.105
180,Ware,Pyrah,wpyrah4z@mozilla.com,03/30/2023,101.92.146.34
181,Tadio,Maccari,tmaccari50@meetup.com,08/13/2023,77.70.102.248
182,Doris,Gaskarth,dgaskarth51@nymag.com,09/07/2023,195.49.197.82
183,Trefor,Murphy,tmurphy52@pbs.org,12/22/2023,95.159.247.170
184,Griff,Windus,gwindus53@themeforest.net,06/11/2023,220.142.187.104
185,Paolina,Lautie,plautie54@eventbrite.com,01/04/2024,49.92.89.184
186,Charmaine,Ragles,cragles55@weather.com,02/06/2024,25.213.189.222
187,Shay,Mairs,smairs56@thetimes.co.uk,05/17/2023,57.124.212.118
188,Patty,Klimpke,pklimpke57@diigo.com,07/04/2023,246.7.69.120
189,Rory,Lanfear,rlanfear58@irs.gov,01/28/2024,139.82.82.86
190,Arabelle,Hawkwood,ahawkwood59@answers.com,11/29/2023,176.202.83.188
191,Corny,Swettenham,cswettenham5a@nyu.edu,04/14/2023,200.241.111.153
192,Jeno,Flint,jflint5b@cmu.edu,12/31/2023,250.100.122.229
193,Adelina,Rylands,arylands5c@freewebs.com,12/31/2023,242.124.3.130
194,Jennifer,Wiskar,jwiskar5d@naver.com,09/12/2023,214.215.105.62
195,Bekki,Solano,bsolano5e@live.com,05/08/2023,181.246.226.107
196,Jedediah,Giraudel,jgiraudel5f@arstechnica.com,04/10/2023,234.10.128.195
197,Ariana,Lembcke,alembcke5g@tinyurl.com,08/22/2023,136.156.185.25
198,Minor,Corson,mcorson5h@sakura.ne.jp,02/06/2024,42.131.9.138
199,Sherie,Wilcock,swilcock5i@skyrock.com,03/15/2023,121.91.101.233
200,Claudie,Grise,cgrise5j@ted.com,02/10/2024,210.30.104.147
201,Crosby,Chuck,cchuck5k@scribd.com,12/24/2023,81.254.190.234
202,Kristofer,Paffot,kpaffot5l@privacy.gov.au,11/10/2023,7.76.51.0
203,Abramo,M'cowis,amcowis5m@php.net,03/08/2024,255.35.41.54
204,Aubrey,Balbeck,abalbeck5n@stanford.edu,05/20/2023,128.222.68.4
205,Allie,Blackhurst,ablackhurst5o@nyu.edu,05/22/2023,136.57.137.146
206,Kimberley,Splevin,ksplevin5p@boston.com,06/29/2023,203.70.236.136
207,Alisun,Winyard,awinyard5q@mapquest.com,07/19/2023,157.41.150.45
208,Corinna,Laugherane,claugherane5r@webmd.com,01/16/2024,138.253.182.185
209,Greggory,Simla,gsimla5s@cnet.com,09/19/2023,24.223.234.89
210,Gwenora,Giacomazzo,ggiacomazzo5t@state.gov,03/18/2023,37.223.36.111
211,Jennette,Lauxmann,jlauxmann5u@discuz.net,03/26/2023,196.119.106.216
212,Lionello,Throssell,lthrossell5v@about.me,08/26/2023,113.231.235.100
213,Madlen,Dugdale,mdugdale5w@accuweather.com,06/14/2023,168.25.48.32
214,Garret,Scola,gscola5x@linkedin.com,11/18/2023,123.212.177.79
215,Georgeanne,Dimbylow,gdimbylow5y@wufoo.com,11/27/2023,109.245.140.40
216,Yevette,Thyer,ythyer5z@ibm.com,06/12/2023,145.205.3.125
217,Bevvy,Essel,bessel60@wired.com,07/14/2023,181.119.29.78
218,Merilyn,Stenhouse,mstenhouse61@sbwire.com,12/25/2023,147.38.208.205
219,Caye,Yushachkov,cyushachkov62@cdc.gov,01/25/2024,202.75.28.161
220,Karil,A'Barrow,kabarrow63@economist.com,08/11/2023,109.16.18.206
221,Solly,Chisholme,schisholme64@istockphoto.com,12/19/2023,42.179.226.249
222,Genovera,McLay,gmclay65@vimeo.com,07/10/2023,165.14.191.86
223,Edythe,Lockless,elockless66@engadget.com,10/20/2023,176.116.166.219
224,Abram,Lenney,alenney67@spotify.com,06/21/2023,91.227.201.168
225,Holt,Cosens,hcosens68@blogs.com,03/13/2023,191.153.102.112
226,Townsend,O'Neil,toneil69@sina.com.cn,12/05/2023,46.164.141.27
227,Malory,Bettington,mbettington6a@kickstarter.com,01/23/2024,136.35.4.97
228,Annalise,Branca,abranca6b@php.net,02/09/2024,166.102.179.206
229,Harri,Jouhan,hjouhan6c@usatoday.com,04/03/2023,193.49.71.113
230,Annora,Jeannesson,ajeannesson6d@friendfeed.com,01/11/2024,225.228.113.178
231,Winna,Cancott,wcancott6e@pcworld.com,11/04/2023,175.98.94.91
232,Caryl,Gibberd,cgibberd6f@google.es,01/24/2024,207.64.148.126
233,Elvera,Tomkins,etomkins6g@ning.com,01/06/2024,175.122.205.75
234,Stanislaw,Grzegorecki,sgrzegorecki6h@hatena.ne.jp,09/17/2023,78.168.207.127
235,Rowena,Spincks,rspincks6i@abc.net.au,04/26/2023,211.37.242.108
236,Rosemaria,Frith,rfrith6j@baidu.com,01/10/2024,200.102.156.105
237,Valera,Marham,vmarham6k@comcast.net,05/28/2023,85.156.189.71
238,Bari,Jenkin,bjenkin6l@ezinearticles.com,10/30/2023,33.32.91.14
239,Fania,Trumper,ftrumper6m@hatena.ne.jp,03/17/2023,99.55.90.160
240,Ki,Cosson,kcosson6n@mashable.com,10/26/2023,50.24.143.37
241,Kristopher,Piscotti,kpiscotti6o@unc.edu,05/05/2023,189.143.32.51
242,Janeczka,Comer,jcomer6p@free.fr,10/06/2023,145.183.89.35
243,Bunny,Mayhead,bmayhead6q@deliciousdays.com,01/27/2024,64.197.156.134
244,Ashley,Loxton,aloxton6r@1688.com,04/23/2023,103.143.29.166
245,Lanny,Anthoine,lanthoine6s@trellian.com,05/24/2023,117.74.45.111
246,Giraud,Bambra,gbambra6t@hostgator.com,10/25/2023,108.143.34.57
247,Lorianne,Lichfield,llichfield6u@51.la,10/05/2023,21.255.212.33
248,Melisande,Gobbet,mgobbet6v@geocities.com,10/14/2023,238.158.209.185
249,Tina,McNeachtain,tmcneachtain6w@usnews.com,06/20/2023,67.199.209.193
250,Valentine,Cammidge,vcammidge6x@miitbeian.gov.cn,01/15/2024,164.58.11.197
251,Ailey,MacCart,amaccart6y@51.la,10/30/2023,135.3.171.35
252,Brigida,Harder,bharder6z@jimdo.com,09/23/2023,219.121.53.51
253,Nedi,Hayball,nhayball70@g.co,09/23/2023,204.230.41.43
254,Jarib,Bresman,jbresman71@wiley.com,01/05/2024,172.212.166.244
255,Tremain,Heeran,theeran72@yelp.com,02/10/2024,236.19.139.124
256,Lionel,Bilyard,lbilyard73@foxnews.com,02/24/2024,219.167.30.72
257,Abbi,Cheetham,acheetham74@weather.com,06/05/2023,129.175.233.193
258,Wyatt,Giovanitti,wgiovanitti75@cocolog-nifty.com,05/25/2023,53.207.250.73
259,Nelly,Mostin,nmostin76@ow.ly,04/07/2023,93.52.28.123
260,Jermaine,Biddles,jbiddles77@dion.ne.jp,04/11/2023,236.212.92.104
261,Babara,Lidell,blidell78@usgs.gov,08/02/2023,198.26.177.73
262,Emery,Dubble,edubble79@unc.edu,12/03/2023,249.155.169.64
263,Marge,Dudmesh,mdudmesh7a@amazon.com,05/03/2023,239.18.242.194
264,Arlen,Daens,adaens7b@lulu.com,06/16/2023,209.160.224.108
265,Nonna,Blitz,nblitz7c@yandex.ru,06/13/2023,16.105.228.201
266,Gregoire,Sherratt,gsherratt7d@dot.gov,04/27/2023,81.94.11.124
267,Eustacia,Edmonston,eedmonston7e@chronoengine.com,01/29/2024,236.115.30.147
268,Cahra,Spellward,cspellward7f@accuweather.com,06/03/2023,140.205.81.107
269,Timothee,Wackett,twackett7g@storify.com,12/23/2023,0.220.206.230
270,Elladine,Bartholomaus,ebartholomaus7h@over-blog.com,05/25/2023,93.130.196.21
271,Briant,Lewsey,blewsey7i@dropbox.com,04/22/2023,59.198.82.239
272,Kial,Chesman,kchesman7j@reuters.com,08/29/2023,16.91.71.209
273,Kahlil,Clutram,kclutram7k@chron.com,08/22/2023,163.15.209.225
274,Goldy,Trout,gtrout7l@myspace.com,09/17/2023,98.149.6.0
275,Pearl,Handasyde,phandasyde7m@walmart.com,06/05/2023,208.44.160.71
276,Emerson,Ginsie,eginsie7n@msn.com,07/15/2023,190.146.135.95
277,Ainslie,Vogt,avogt7o@plala.or.jp,04/14/2023,163.65.132.153
278,Cal,Giraudou,cgiraudou7p@kickstarter.com,02/18/2024,232.36.54.9
279,Raul,Hargie,rhargie7q@drupal.org,10/27/2023,85.112.132.150
280,Esdras,Kinge,ekinge7r@joomla.org,01/11/2024,189.54.200.172
281,Rosie,Callam,rcallam7s@va.gov,05/21/2023,34.220.220.67
282,Bert,Dusting,bdusting7t@fema.gov,02/05/2024,94.232.157.216
283,Gustave,Minto,gminto7u@usnews.com,06/03/2023,207.9.100.216
284,Leonerd,Clynmans,lclynmans7v@posterous.com,06/04/2023,175.78.195.243
285,Lydie,Dundredge,ldundredge7w@g.co,11/13/2023,145.235.137.105
286,Thorin,Cull,tcull7x@hibu.com,11/02/2023,1.236.206.231
287,Georgette,Eccersley,geccersley7y@plala.or.jp,06/09/2023,50.173.178.8
288,Yolanda,McGivena,ymcgivena7z@mozilla.com,08/08/2023,215.153.225.151
289,Alysa,Schuricke,aschuricke80@cmu.edu,11/24/2023,58.145.172.142
290,Glenn,Flexman,gflexman81@reference.com,06/12/2023,253.193.73.15
291,Tessi,Hould,thould82@vk.com,11/29/2023,12.34.201.66
292,Bary,Tieman,btieman83@wired.com,09/20/2023,47.184.247.158
293,Corry,Copas,ccopas84@telegraph.co.uk,07/28/2023,206.251.125.134
294,Myranda,Jindra,mjindra85@shutterfly.com,05/07/2023,219.139.20.120
295,Marnia,Shoebrook,mshoebrook86@mlb.com,01/18/2024,3.2.79.112
296,Luke,Lace,llace87@nsw.gov.au,06/07/2023,185.54.214.143
297,Candra,Parslow,cparslow88@berkeley.edu,11/21/2023,12.121.228.119
298,Lurette,Attenborough,lattenborough89@multiply.com,10/16/2023,142.43.104.22
299,Dukey,Radley,dradley8a@bbb.org,05/12/2023,97.208.131.35
300,Early,Aaronson,eaaronson8b@patch.com,04/15/2023,24.45.32.57
301,Barrie,Millar,bmillar8c@umich.edu,03/30/2023,186.81.203.143
302,Brigida,Azema,bazema8d@tinyurl.com,02/15/2024,114.206.175.33
303,Ced,Foxley,cfoxley8e@oakley.com,11/08/2023,214.2.62.116
304,Cyndie,Gheeorghie,cgheeorghie8f@chicagotribune.com,03/22/2023,45.201.36.14
305,Shelagh,Kellogg,skellogg8g@noaa.gov,12/10/2023,242.34.163.214
306,Lurlene,Cuerda,lcuerda8h@weebly.com,08/05/2023,87.203.128.122
307,Ettore,Mantz,emantz8i@irs.gov,01/05/2024,189.248.56.76
308,Harli,Antunez,hantunez8j@blogger.com,07/21/2023,96.8.168.79
309,Tamqrah,Lafee,tlafee8k@mlb.com,11/05/2023,219.115.69.232
310,Jan,MacKomb,jmackomb8l@hc360.com,05/17/2023,252.247.174.226
311,Newton,Minshall,nminshall8m@ebay.com,06/03/2023,153.249.126.95
312,Vikky,Collman,vcollman8n@ebay.co.uk,07/03/2023,237.183.37.128
313,Adham,Defrain,adefrain8o@feedburner.com,04/08/2023,12.59.47.14
314,Claribel,Towson,ctowson8p@npr.org,08/25/2023,155.223.40.168
315,Bronson,Blenkinsopp,bblenkinsopp8q@w3.org,08/16/2023,180.63.124.179
316,Samuel,Tremellan,stremellan8r@ibm.com,02/29/2024,165.217.202.113
317,Dody,Szach,dszach8s@redcross.org,05/07/2023,238.240.120.63
318,Gasper,Jansens,gjansens8t@timesonline.co.uk,08/13/2023,164.253.102.189
319,Chrysa,Helliar,chelliar8u@google.pl,01/22/2024,64.38.127.208
320,Waneta,Guerry,wguerry8v@arizona.edu,08/04/2023,135.94.55.143
321,Arlie,Bugdell,abugdell8w@newyorker.com,07/15/2023,0.0.85.244
322,Shalom,Woolens,swoolens8x@wikia.com,01/20/2024,109.223.23.87
323,Harv,Heintzsch,hheintzsch8y@ted.com,07/29/2023,71.8.159.54
324,Aileen,Fullylove,afullylove8z@vk.com,03/13/2023,128.12.30.117
325,Hanna,Cordelle,hcordelle90@google.es,09/01/2023,32.22.16.39
326,Morgun,Cacacie,mcacacie91@nsw.gov.au,05/23/2023,245.84.54.149
327,Rice,Schieferstein,rschieferstein92@addthis.com,09/05/2023,89.79.80.162
328,Selby,Huygen,shuygen93@com.com,06/30/2023,63.92.226.218
329,Hailey,Labadini,hlabadini94@nifty.com,11/02/2023,160.84.16.212
330,Rafaelia,Waller,rwaller95@youku.com,08/16/2023,19.101.100.8
331,Berenice,Gilburt,bgilburt96@prweb.com,11/12/2023,207.157.43.19
332,Hermann,McGuiney,hmcguiney97@sohu.com,04/02/2023,31.247.189.138
333,Anabal,Dericut,adericut98@imageshack.us,09/06/2023,159.136.217.60
334,Kimberlee,Everall,keverall99@accuweather.com,04/22/2023,83.1.188.122
335,Cirilo,More,cmore9a@zimbio.com,03/23/2023,253.143.243.40
336,Teddy,Dahlen,tdahlen9b@php.net,06/07/2023,227.125.199.193
337,Troy,O'Loughane,toloughane9c@ucsd.edu,06/03/2023,206.142.207.249
338,Ebba,Antunes,eantunes9d@cbsnews.com,03/16/2023,13.242.145.157
339,Talyah,Schulke,tschulke9e@cnet.com,04/18/2023,14.10.41.38
340,Maggy,Zannutti,mzannutti9f@oracle.com,11/12/2023,232.174.164.42
341,Philis,Brew,pbrew9g@yahoo.com,01/29/2024,159.109.106.185
342,Christa,McDaid,cmcdaid9h@devhub.com,09/08/2023,185.154.156.50
343,Laina,Ginnelly,lginnelly9i@php.net,05/18/2023,48.255.201.31
344,Giacomo,Gauford,ggauford9j@economist.com,08/16/2023,220.24.30.41
345,Kittie,Lownie,klownie9k@gov.uk,12/31/2023,17.57.245.97
346,Reidar,Anthona,ranthona9l@imgur.com,06/25/2023,57.211.179.131
347,Derrick,Cocher,dcocher9m@163.com,06/10/2023,195.200.9.9
348,Delmore,Sijmons,dsijmons9n@github.com,04/07/2023,98.227.178.200
349,Alexandr,Volett,avolett9o@cnet.com,06/08/2023,195.39.125.112
350,Nance,Udell,nudell9p@nydailynews.com,10/29/2023,47.156.134.198
351,Selle,von Nassau,svonnassau9q@bloglines.com,12/07/2023,81.178.117.12
352,Clement,Cowdroy,ccowdroy9r@hostgator.com,05/11/2023,117.202.77.107
353,Prisca,Heynen,pheynen9s@ezinearticles.com,09/25/2023,93.51.155.138
354,Natty,Papierz,npapierz9t@prweb.com,04/25/2023,12.206.146.2
355,Angelia,Collinson,acollinson9u@engadget.com,09/17/2023,193.235.208.128
356,Theodora,O'Dooghaine,todooghaine9v@skype.com,01/05/2024,219.232.200.73
357,Gussie,Attew,gattew9w@nymag.com,11/13/2023,105.203.243.236
358,Mirella,Sayton,msayton9x@msn.com,06/17/2023,45.107.4.109
359,Lexine,Fritzer,lfritzer9y@digg.com,01/08/2024,190.131.168.147
360,Iggy,Deetlof,ideetlof9z@prnewswire.com,10/28/2023,230.182.49.145
361,Bibbye,Kennett,bkennetta0@mysql.com,04/11/2023,150.59.52.49
362,Davine,Tupper,dtuppera1@tinyurl.com,09/05/2023,184.176.47.56
363,Jerri,Cruttenden,jcruttendena2@uol.com.br,12/29/2023,38.53.57.1
364,Pamella,Jumont,pjumonta3@unblog.fr,12/31/2023,244.211.139.202
365,Madge,Duckels,mduckelsa4@i2i.jp,10/12/2023,230.43.241.161
366,Ardene,Witty,awittya5@ca.gov,02/02/2024,191.57.114.40
367,Nealy,Loggie,nloggiea6@cdbaby.com,09/15/2023,10.214.45.40
368,Agnes,Shovlar,ashovlara7@facebook.com,04/25/2023,1.72.208.228
369,Raquela,Soots,rsootsa8@addthis.com,10/16/2023,155.192.155.189
370,Zea,Pargetter,zpargettera9@phoca.cz,08/11/2023,185.124.182.52
371,Mirna,Hurnell,mhurnellaa@washington.edu,03/31/2023,196.223.48.87
372,Arabele,Tembey,atembeyab@about.me,01/10/2024,176.235.120.159
373,Atalanta,Burchett,aburchettac@prnewswire.com,10/06/2023,244.82.233.204
374,Brittan,Cornborough,bcornboroughad@mozilla.org,02/29/2024,74.90.172.64
375,Sharai,Hindhaugh,shindhaughae@mozilla.org,05/02/2023,32.41.255.208
376,Charmane,Gyves,cgyvesaf@ed.gov,08/19/2023,104.234.240.15
377,Mendie,Beedom,mbeedomag@sbwire.com,03/04/2024,35.145.173.53
378,Frazier,Plett,fplettah@fema.gov,10/21/2023,169.198.4.105
379,Marlee,Novichenko,mnovichenkoai@twitter.com,05/10/2023,188.208.149.136
380,Katine,Feldbaum,kfeldbaumaj@live.com,12/28/2023,250.10.249.89
381,Philipa,Lathaye,plathayeak@fema.gov,10/19/2023,8.38.162.125
382,Ibby,Swepstone,iswepstoneal@clickbank.net,01/10/2024,167.125.171.25
383,Coralyn,Heinzel,cheinzelam@biglobe.ne.jp,11/21/2023,140.52.74.117
384,Cullan,Latehouse,clatehousean@yahoo.com,02/04/2024,250.248.74.124
385,Stanly,Korous,skorousao@icq.com,10/16/2023,41.149.159.191
386,Valentino,Grieve,vgrieveap@dyndns.org,11/29/2023,131.67.204.67
387,Bamby,Houdhury,bhoudhuryaq@eventbrite.com,11/17/2023,89.97.27.20
388,Vinson,Ivashnyov,vivashnyovar@miitbeian.gov.cn,10/02/2023,156.80.207.12
389,Ealasaid,Saltwell,esaltwellas@intel.com,06/04/2023,200.229.139.67
390,Chandal,McGuggy,cmcguggyat@epa.gov,02/07/2024,35.143.67.121
391,Bogart,de Merida,bdemeridaau@slate.com,05/07/2023,203.137.53.176
392,Nanny,Guiver,nguiverav@skyrock.com,08/21/2023,70.30.18.188
393,Quincey,Jovey,qjoveyaw@bravesites.com,12/23/2023,62.93.41.136
394,Hynda,Killelay,hkillelayax@printfriendly.com,04/03/2023,204.220.200.235
395,Katha,Sorrill,ksorrillay@cmu.edu,06/04/2023,58.240.58.44
396,Nickie,Flarity,nflarityaz@hatena.ne.jp,02/25/2024,34.58.129.200
397,Konrad,Brumhead,kbrumheadb0@berkeley.edu,03/10/2024,212.247.157.235
398,Evelina,Reeds,ereedsb1@gov.uk,03/13/2023,228.189.75.43
399,Cthrine,Towl,ctowlb2@bigcartel.com,08/27/2023,28.189.216.226
400,Pietra,Baxter,pbaxterb3@studiopress.com,08/24/2023,197.31.115.151
401,Dean,Coyne,dcoyneb4@wikipedia.org,11/01/2023,31.207.18.123
402,Florry,Gorvin,fgorvinb5@posterous.com,10/09/2023,62.64.191.179
403,Donall,Twell,dtwellb6@angelfire.com,05/23/2023,186.5.160.167
404,Alexia,Parysowna,aparysownab7@reverbnation.com,02/07/2024,53.57.4.208
405,Roy,Attac,rattacb8@usgs.gov,04/03/2023,73.75.233.57
406,Michelle,Skouling,mskoulingb9@cocolog-nifty.com,05/18/2023,219.155.35.105
407,Wylma,Snellman,wsnellmanba@t-online.de,09/29/2023,188.157.35.93
408,Tine,Villalta,tvillaltabb@apache.org,01/23/2024,147.117.24.78
409,Celina,Huge,chugebc@themeforest.net,05/24/2023,93.5.78.184
410,Martynne,Arkle,marklebd@google.co.jp,11/04/2023,32.135.27.108
411,Dedra,Davidowich,ddavidowichbe@instagram.com,10/01/2023,56.158.206.135
412,Rhoda,Orman,rormanbf@yahoo.com,02/13/2024,19.247.2.144
413,Evey,Rochford,erochfordbg@vimeo.com,09/23/2023,16.175.107.141
414,Lelah,de Pinna,ldepinnabh@google.es,04/24/2023,50.96.25.73
415,Roana,Hanny,rhannybi@google.ca,04/12/2023,226.156.43.150
416,Ellie,Taw,etawbj@amazon.com,02/22/2024,155.6.162.184
417,Zacharias,Inchboard,zinchboardbk@unesco.org,05/24/2023,13.89.163.60
418,Angelica,Brace,abracebl@chicagotribune.com,10/14/2023,198.96.92.56
419,Frederique,Garmans,fgarmansbm@nydailynews.com,12/11/2023,14.200.14.53
420,Manya,Melbert,mmelbertbn@mac.com,06/22/2023,164.185.47.67
421,Chelsey,Vernau,cvernaubo@dion.ne.jp,11/28/2023,67.84.210.249
422,Suki,Roseveare,srosevearebp@yale.edu,10/30/2023,98.94.140.187
423,Jermayne,Tuddenham,jtuddenhambq@pcworld.com,12/07/2023,234.134.185.182
424,Danila,Debrick,ddebrickbr@craigslist.org,05/07/2023,246.240.19.239
425,Jilli,Wellum,jwellumbs@cafepress.com,10/27/2023,30.82.193.159
426,Alphonso,Sharvill,asharvillbt@twitter.com,04/16/2023,40.203.141.125
427,Ethelbert,Djokovic,edjokovicbu@bbc.co.uk,06/11/2023,190.178.74.208
428,Kamila,Utteridge,kutteridgebv@indiatimes.com,10/26/2023,2.189.43.87
429,Violette,Caldecourt,vcaldecourtbw@cargocollective.com,06/09/2023,134.77.53.247
430,Corliss,Braganca,cbragancabx@taobao.com,08/15/2023,125.0.41.250
431,Carrie,Daglish,cdaglishby@europa.eu,10/24/2023,54.191.194.132
432,Dido,Anderl,danderlbz@businesswire.com,11/18/2023,137.124.171.181
433,Maynard,Rosenfield,mrosenfieldc0@mail.ru,09/26/2023,86.198.123.150
434,Kalvin,Geare,kgearec1@hostgator.com,01/14/2024,177.210.82.71
435,Cherrita,Farmloe,cfarmloec2@networksolutions.com,03/27/2023,241.40.172.12
436,Rana,Isard,risardc3@51.la,11/18/2023,13.249.226.125
437,Leticia,Slocket,lslocketc4@opensource.org,03/16/2023,7.206.183.60
438,Thomasin,Grichukhanov,tgrichukhanovc5@nymag.com,09/03/2023,30.255.155.154
439,Tedman,Spensley,tspensleyc6@yellowpages.com,10/09/2023,166.6.144.155
440,Lianne,Counihan,lcounihanc7@bizjournals.com,10/17/2023,122.194.98.237
441,Lise,Dane,ldanec8@infoseek.co.jp,06/13/2023,1.86.102.187
442,Wilt,Walthew,wwalthewc9@marketwatch.com,03/04/2024,244.175.141.204
443,Danell,Wynter,dwynterca@networkadvertising.org,10/06/2023,224.179.1.125
444,Bev,Murrhardt,bmurrhardtcb@symantec.com,12/25/2023,35.234.197.114
445,Duffie,Keeling,dkeelingcc@chicagotribune.com,09/23/2023,109.223.227.156
446,Wilmette,Piddington,wpiddingtoncd@exblog.jp,06/02/2023,29.74.83.45
447,Nert,Cominello,ncominelloce@cloudflare.com,03/17/2023,51.206.81.208
448,Neysa,Vials,nvialscf@theatlantic.com,01/20/2024,202.109.189.179
449,Jorge,Orriss,jorrisscg@ycombinator.com,02/04/2024,215.245.207.173
450,Ban,Hardaker,bhardakerch@surveymonkey.com,09/17/2023,17.202.74.55
451,Cariotta,Sherrett,csherrettci@biblegateway.com,10/30/2023,79.160.21.177
452,Penni,McKinn,pmckinncj@ftc.gov,01/11/2024,243.255.146.81
453,Annabella,Kitcher,akitcherck@behance.net,12/08/2023,184.170.190.111
454,Sargent,Waleran,swalerancl@yahoo.co.jp,02/13/2024,12.48.128.148
455,Lannie,Harbor,lharborcm@wikimedia.org,09/10/2023,82.218.187.231
456,Viviyan,Fice,vficecn@xinhuanet.com,01/29/2024,201.136.128.196
457,Elliot,Curling,ecurlingco@columbia.edu,08/21/2023,72.125.225.188
458,Ronny,Hughlock,rhughlockcp@rediff.com,04/04/2023,81.47.141.253
459,Bennie,Cassely,bcasselycq@cdc.gov,09/02/2023,108.141.61.38
460,Douglas,Megson,dmegsoncr@deviantart.com,09/05/2023,79.41.164.166
461,Erena,Eronie,eeroniecs@washington.edu,08/02/2023,113.247.245.108
462,Emmaline,Orrom,eorromct@samsung.com,09/24/2023,138.88.208.152
463,Daniel,Lacoste,dlacostecu@toplist.cz,03/27/2023,245.67.128.163
464,Baillie,De Wolfe,bdewolfecv@wsj.com,04/17/2023,169.114.80.45
465,Haley,Dimitrov,hdimitrovcw@cbslocal.com,11/24/2023,86.206.50.127
466,Francklin,Bangs,fbangscx@lycos.com,12/20/2023,184.231.74.187
467,Peta,Orring,porringcy@yale.edu,03/07/2024,127.44.156.103
468,Guthry,Bilt,gbiltcz@cbc.ca,07/18/2023,44.196.136.174
469,Dorrie,Wickenden,dwickendend0@creativecommons.org,10/06/2023,103.57.89.135
470,Boothe,Saltrese,bsaltresed1@go.com,10/01/2023,235.33.141.23
471,Kerwinn,McCorley,kmccorleyd2@diigo.com,11/07/2023,43.49.106.172
472,Casey,Brezlaw,cbrezlawd3@yolasite.com,07/02/2023,38.167.202.231
473,Chrysler,Vasilyev,cvasilyevd4@pagesperso-orange.fr,11/10/2023,236.64.159.15
474,Margaux,Rea,mread5@tripadvisor.com,12/31/2023,34.70.174.150
475,Irvin,Morrish,imorrishd6@com.com,01/14/2024,112.166.38.77
476,Carla,Sharvell,csharvelld7@patch.com,08/02/2023,226.75.230.102
477,Junia,Werlock,jwerlockd8@whitehouse.gov,02/19/2024,144.28.96.56
478,Ebba,Neljes,eneljesd9@goodreads.com,08/17/2023,16.42.208.48
479,Dur,Lamzed,dlamzedda@liveinternet.ru,04/13/2023,206.139.114.112
480,Lorrie,Nolder,lnolderdb@tumblr.com,12/09/2023,122.151.180.57
481,Bartolemo,Brookhouse,bbrookhousedc@walmart.com,04/27/2023,103.92.246.24
482,Lucille,Goodbourn,lgoodbourndd@ebay.co.uk,09/01/2023,127.83.239.175
483,Brien,Drennan,bdrennande@ustream.tv,03/16/2023,29.72.141.102
484,Oberon,Doerling,odoerlingdf@smugmug.com,01/30/2024,104.21.25.164
485,Pammi,Pocock,ppocockdg@instagram.com,08/30/2023,227.214.13.207
486,Lenora,Grenshiels,lgrenshielsdh@ezinearticles.com,04/13/2023,159.87.4.204
487,Abrahan,Dicks,adicksdi@google.ru,06/08/2023,55.81.79.98
488,Sandy,Wartnaby,swartnabydj@bandcamp.com,04/30/2023,157.238.43.169
489,Amandie,Matthews,amatthewsdk@geocities.com,05/23/2023,247.91.26.48
490,Augustus,Krystek,akrystekdl@diigo.com,10/16/2023,200.83.124.21
491,Renelle,Slaten,rslatendm@drupal.org,09/12/2023,213.172.206.239
492,Mose,Haldon,mhaldondn@uol.com.br,01/11/2024,64.22.48.210
493,Fredra,Morit,fmoritdo@unicef.org,01/03/2024,234.215.133.51
494,Brander,Bloodworth,bbloodworthdp@squarespace.com,04/28/2023,166.118.70.156
495,Moyra,Manlow,mmanlowdq@wsj.com,09/06/2023,2.215.29.69
496,Zelda,Bicknell,zbicknelldr@redcross.org,03/03/2024,37.212.75.19
497,Astra,Caldeiro,acaldeirods@macromedia.com,12/16/2023,150.214.195.148
498,Hadley,Fells,hfellsdt@patch.com,12/06/2023,166.249.4.170
499,Jana,Rominov,jrominovdu@spiegel.de,01/07/2024,212.174.89.60
500,Willabella,Libri,wlibridv@so-net.ne.jp,08/30/2023,215.199.104.45
501,Ariela,Radoux,aradouxdw@nytimes.com,12/19/2023,138.127.154.63
502,Alica,Abbys,aabbysdx@sfgate.com,02/23/2024,119.207.224.247
503,Rasia,Olyet,rolyetdy@china.com.cn,04/01/2023,157.46.12.190
504,Barry,Arcase,barcasedz@com.com,04/15/2023,80.21.80.84
505,Gerrie,Arnoult,garnoulte0@a8.net,07/18/2023,167.239.31.0
506,Tan,Willimont,twillimonte1@tripod.com,11/25/2023,102.150.160.110
507,Antonius,Patten,apattene2@patch.com,03/11/2024,16.36.37.169
508,Beilul,Miskimmon,bmiskimmone3@cloudflare.com,09/16/2023,25.19.134.97
509,Denyse,Samme,dsammee4@mozilla.com,12/19/2023,171.181.127.167
510,Betta,Lyfield,blyfielde5@pen.io,04/08/2023,251.42.32.163
511,Perren,Metterick,pmettericke6@friendfeed.com,10/20/2023,7.50.16.232
512,Miner,Corre,mcorree7@un.org,11/29/2023,73.112.91.196
513,Evan,Abbay,eabbaye8@flavors.me,07/02/2023,169.225.248.55
514,Cecil,Duny,cdunye9@ebay.co.uk,10/25/2023,210.18.137.52
515,Pen,Beyn,pbeynea@de.vu,03/11/2024,162.238.115.167
516,Gwynne,Giral,ggiraleb@ocn.ne.jp,11/13/2023,113.34.104.8
517,Aile,MacKniely,amacknielyec@hp.com,05/18/2023,3.42.136.131
518,Grete,Macconaghy,gmacconaghyed@chronoengine.com,01/25/2024,140.23.14.102
519,Case,Inglese,cingleseee@usnews.com,03/01/2024,74.112.136.11
520,Shellysheldon,Trasler,strasleref@surveymonkey.com,12/29/2023,47.179.223.92
521,Hinda,Scarff,hscarffeg@icq.com,08/22/2023,213.41.242.243
522,Hastings,Shower,hshowereh@google.co.jp,08/19/2023,201.107.130.110
523,Germain,Wetherby,gwetherbyei@so-net.ne.jp,05/13/2023,203.247.3.86
524,Joete,Matussov,jmatussovej@infoseek.co.jp,02/22/2024,149.75.96.132
525,Augie,Jeacop,ajeacopek@rakuten.co.jp,04/30/2023,78.214.75.206
526,Gayel,Lyver,glyverel@eepurl.com,05/25/2023,210.164.57.225
527,Florella,Peyzer,fpeyzerem@opensource.org,02/28/2024,119.217.253.108
528,Pamela,Cadle,pcadleen@gravatar.com,10/12/2023,250.163.68.199
529,North,Sinclar,nsinclareo@multiply.com,10/21/2023,133.122.135.176
530,Jaymee,Demead,jdemeadep@hatena.ne.jp,06/08/2023,223.48.228.11
531,Corby,Benardette,cbenardetteeq@soup.io,10/20/2023,47.104.165.165
532,Guss,Dufty,gduftyer@artisteer.com,04/24/2023,225.107.175.98
533,Janka,Menauteau,jmenauteaues@patch.com,01/13/2024,19.14.208.244
534,Hy,Shirer,hshireret@google.fr,02/21/2024,94.194.143.23
535,Othella,Haughan,ohaughaneu@nhs.uk,02/07/2024,189.132.70.210
536,Gianni,Whoolehan,gwhoolehanev@usnews.com,02/25/2024,104.226.216.138
537,Rurik,Paddick,rpaddickew@census.gov,05/01/2023,103.10.62.49
538,Ricki,Gaffer,rgafferex@behance.net,03/21/2023,28.122.41.109
539,Cristie,Petto,cpettoey@plala.or.jp,03/18/2023,112.149.23.240
540,Robby,Kimbrey,rkimbreyez@netlog.com,11/07/2023,65.142.128.222
541,Vaughan,Batey,vbateyf0@salon.com,02/18/2024,119.19.229.0
542,Karleen,Tregoning,ktregoningf1@sourceforge.net,05/20/2023,202.209.142.53
543,Laurena,Kinsett,lkinsettf2@spotify.com,04/16/2023,128.123.149.103
544,Corette,Labbe,clabbef3@discuz.net,08/13/2023,65.20.155.250
545,Archibald,Isworth,aisworthf4@squidoo.com,06/18/2023,43.81.232.46
546,Hiram,Zambon,hzambonf5@shutterfly.com,08/17/2023,28.49.163.31
547,Nealy,Rowell,nrowellf6@hostgator.com,11/10/2023,251.37.103.186
548,James,Nicholas,jnicholasf7@weebly.com,08/03/2023,181.251.59.159
549,Consolata,Caress,ccaressf8@sciencedirect.com,07/12/2023,28.120.118.241
550,Far,Gooderson,fgoodersonf9@apple.com,10/24/2023,234.73.43.211
551,Violante,Sanson,vsansonfa@google.co.jp,11/04/2023,71.199.62.3
552,Walker,Tailby,wtailbyfb@google.co.jp,12/08/2023,254.199.88.33
553,Hubie,Yurkevich,hyurkevichfc@china.com.cn,05/29/2023,233.235.170.236
554,Jaclyn,Emblen,jemblenfd@yahoo.co.jp,01/27/2024,68.239.250.98
555,Chris,Fannin,cfanninfe@wikia.com,06/26/2023,76.92.191.104
556,Lamar,Borkett,lborkettff@deliciousdays.com,07/06/2023,98.39.247.245
557,Florenza,Loving,flovingfg@exblog.jp,10/10/2023,67.25.126.4
558,Noland,Boykett,nboykettfh@google.es,09/11/2023,135.70.52.197
559,Nicolais,Malthouse,nmalthousefi@msu.edu,12/26/2023,6.239.255.45
560,Beryl,Gudgion,bgudgionfj@devhub.com,05/11/2023,217.209.79.94
561,Linnet,Ludvigsen,lludvigsenfk@mlb.com,07/05/2023,150.52.75.99
562,Walther,Tomasik,wtomasikfl@github.io,07/06/2023,59.237.99.63
563,Zechariah,Curm,zcurmfm@google.com,01/27/2024,137.236.68.238
564,Urson,Burtwell,uburtwellfn@ted.com,03/08/2024,112.166.14.123
565,Laird,Baxandall,lbaxandallfo@whitehouse.gov,07/25/2023,177.156.207.155
566,Darcey,Osboldstone,dosboldstonefp@cam.ac.uk,09/26/2023,63.151.196.46
567,Leonanie,Heck,lheckfq@delicious.com,04/24/2023,145.243.115.49
568,Andrea,Buyers,abuyersfr@arizona.edu,07/22/2023,121.243.167.204
569,Jinny,Duffrie,jduffriefs@tiny.cc,03/20/2023,125.11.239.27
570,Kylen,Kirkpatrick,kkirkpatrickft@examiner.com,07/28/2023,176.116.20.183
571,Abbie,Torrent,atorrentfu@wufoo.com,09/04/2023,52.213.74.116
572,Piper,Dunleavy,pdunleavyfv@sciencedaily.com,07/07/2023,92.241.154.1
573,Ruby,Drewell,rdrewellfw@hc360.com,08/18/2023,128.125.234.56
574,Lavena,Beckwith,lbeckwithfx@bbb.org,07/09/2023,13.246.253.152
575,Stirling,Gierth,sgierthfy@springer.com,07/31/2023,116.30.125.196
576,Tanitansy,Guenther,tguentherfz@prlog.org,08/08/2023,15.62.236.242
577,Ferdie,Kighly,fkighlyg0@umich.edu,01/26/2024,166.234.46.191
578,Holly-anne,Rontsch,hrontschg1@photobucket.com,05/01/2023,37.62.194.231
579,Dacey,Flacknoe,dflacknoeg2@wunderground.com,02/24/2024,88.180.131.72
580,Siusan,Shorthill,sshorthillg3@upenn.edu,12/22/2023,251.251.16.20
581,Tomaso,Dossett,tdossettg4@hostgator.com,08/21/2023,78.135.89.229
582,Carleton,Proffer,cprofferg5@wikispaces.com,09/02/2023,23.144.251.254
583,Jackqueline,Babin,jbabing6@webnode.com,11/09/2023,3.28.141.127
584,Mirna,Crinidge,mcrinidgeg7@nymag.com,12/14/2023,45.21.221.85
585,Christiane,Shilton,cshiltong8@psu.edu,04/15/2023,209.204.10.35
586,Jere,McMillan,jmcmillang9@craigslist.org,09/04/2023,21.133.42.214
587,Cari,Daldan,cdaldanga@bigcartel.com,08/06/2023,20.207.133.106
588,Gena,Mazzia,gmazziagb@zdnet.com,10/17/2023,128.237.235.243
589,Lilah,Wastling,lwastlinggc@discuz.net,05/26/2023,101.226.27.34
590,Federica,Fursland,ffurslandgd@wordpress.org,06/12/2023,199.125.181.78
591,Emmy,Gasquoine,egasquoinege@phoca.cz,08/06/2023,245.149.85.143
592,Gerik,Wall,gwallgf@twitpic.com,05/23/2023,194.224.119.132
593,Kerwin,Connelly,kconnellygg@nba.com,11/15/2023,235.158.78.142
594,Antons,Moloney,amoloneygh@instagram.com,07/19/2023,94.137.60.24
595,Puff,Narraway,pnarrawaygi@blogs.com,11/18/2023,161.155.67.93
596,Misha,Whye,mwhyegj@soup.io,11/09/2023,8.36.98.202
597,Timofei,Meaking,tmeakinggk@rediff.com,11/24/2023,12.106.130.57
598,Heriberto,Rennox,hrennoxgl@reference.com,08/04/2023,232.113.142.233
599,Kristine,McDonough,kmcdonoughgm@utexas.edu,02/26/2024,31.125.93.207
600,Adam,Poppleston,apopplestongn@xrea.com,07/14/2023,131.65.205.181
601,Ashely,Lisciardelli,alisciardelligo@angelfire.com,05/17/2023,252.134.16.119
602,Gwenora,Lapslie,glapsliegp@opensource.org,09/26/2023,217.235.190.112
603,Adolf,Djekic,adjekicgq@china.com.cn,08/20/2023,125.228.68.3
604,Hobart,Shovelin,hshovelingr@marriott.com,11/09/2023,218.109.97.79
605,Carlita,Jantot,cjantotgs@rambler.ru,07/10/2023,159.120.199.76
606,Sheppard,Tschersich,stschersichgt@instagram.com,03/26/2023,116.154.174.94
607,Rudyard,Mulliss,rmullissgu@t.co,08/14/2023,145.82.29.10
608,Solly,Moscon,smoscongv@rediff.com,09/19/2023,105.73.106.212
609,Georg,Friary,gfriarygw@yellowpages.com,03/31/2023,224.76.61.99
610,Winna,Domenichini,wdomenichinigx@wunderground.com,05/10/2023,92.226.51.0
611,Carmelina,Hake,chakegy@disqus.com,06/21/2023,26.229.198.16
612,Mercy,Bewshire,mbewshiregz@walmart.com,08/15/2023,205.19.148.175
613,Uriel,Baraclough,ubaracloughh0@dyndns.org,12/14/2023,29.189.181.58
614,Annis,Duthy,aduthyh1@wisc.edu,02/26/2024,134.76.37.168
615,Bekki,Christophe,bchristopheh2@cdbaby.com,05/31/2023,164.231.119.115
616,Wynnie,Sayse,wsayseh3@google.nl,01/28/2024,107.87.125.90
617,Estella,Winterton,ewintertonh4@nba.com,06/14/2023,13.19.69.32
618,Sebastiano,Cuthill,scuthillh5@over-blog.com,01/24/2024,62.160.94.8
619,Caressa,Truggian,ctruggianh6@springer.com,05/20/2023,69.161.114.10
620,Melvyn,Guiduzzi,mguiduzzih7@nih.gov,12/17/2023,61.28.172.49
621,Devy,Clayfield,dclayfieldh8@guardian.co.uk,11/03/2023,216.123.90.200
622,Corty,Lockier,clockierh9@myspace.com,12/30/2023,205.254.169.82
623,Katrinka,Krier,kkrierha@bbc.co.uk,10/12/2023,104.127.170.22
624,Alane,Philpott,aphilpotthb@telegraph.co.uk,11/01/2023,151.162.197.54
625,Raye,Kerfut,rkerfuthc@dailymotion.com,05/10/2023,32.37.51.29
626,Iorgo,McIsaac,imcisaachd@auda.org.au,07/09/2023,196.5.59.24
627,Cecelia,Yesinov,cyesinovhe@youtube.com,06/14/2023,241.251.5.250
628,Miquela,Braidley,mbraidleyhf@wikia.com,06/16/2023,66.143.192.237
629,Suzette,Stallebrass,sstallebrasshg@livejournal.com,06/05/2023,254.186.0.181
630,Paolo,Sutcliff,psutcliffhh@statcounter.com,06/27/2023,180.164.8.225
631,Troy,Faughny,tfaughnyhi@furl.net,06/28/2023,247.11.87.236
632,Hedvige,Cancellor,hcancellorhj@artisteer.com,05/28/2023,191.153.243.148
633,Yoshiko,Louden,yloudenhk@storify.com,02/06/2024,144.223.79.184
634,Rosemaria,Krates,rkrateshl@house.gov,12/17/2023,246.27.36.70
635,Lilla,Shade,lshadehm@netscape.com,11/07/2023,131.33.5.107
636,Shelagh,Piel,spielhn@angelfire.com,03/18/2023,107.195.32.12
637,Nollie,Eagland,neaglandho@behance.net,02/18/2024,253.44.84.121
638,James,Wissby,jwissbyhp@economist.com,02/26/2024,39.232.161.83
639,Savina,Caplis,scaplishq@gravatar.com,04/19/2023,213.140.222.192
640,Daryn,Sharpus,dsharpushr@1688.com,06/20/2023,2.119.194.15
641,Chancey,Peyro,cpeyrohs@ihg.com,04/08/2023,127.31.90.194
642,Belva,Dalliston,bdallistonht@usa.gov,01/02/2024,210.189.118.139
643,Warde,Dunster,wdunsterhu@paypal.com,03/31/2023,24.154.99.9
644,Brooks,Fealty,bfealtyhv@kickstarter.com,04/07/2023,164.211.182.150
645,Dre,Raraty,draratyhw@nba.com,10/08/2023,29.188.163.109
646,Roxi,Hares,rhareshx@prweb.com,11/19/2023,101.6.17.194
647,Georgia,Ashmole,gashmolehy@networkadvertising.org,12/07/2023,119.90.25.244
648,Rochester,Cawker,rcawkerhz@arstechnica.com,05/30/2023,224.190.30.39
649,Tybi,Swainston,tswainstoni0@soundcloud.com,12/09/2023,223.116.87.231
650,Jaine,Stillert,jstillerti1@whitehouse.gov,01/15/2024,140.221.178.8
651,Paolina,Pumphrey,ppumphreyi2@behance.net,01/05/2024,117.147.192.242
652,Raychel,Asken,raskeni3@reddit.com,03/02/2024,252.229.110.189
653,Pammie,Lynds,plyndsi4@scribd.com,01/13/2024,119.105.110.132
654,Esme,Smillie,esmilliei5@histats.com,11/17/2023,43.19.247.205
655,Margarethe,Malinson,mmalinsoni6@infoseek.co.jp,07/21/2023,196.79.6.253
656,Peyter,MacCallam,pmaccallami7@umn.edu,01/25/2024,202.154.181.225
657,Aimil,Dunham,adunhami8@gravatar.com,07/28/2023,213.10.108.19
658,Alika,Joannet,ajoanneti9@yahoo.com,04/01/2023,24.202.175.82
659,Dolf,Ambrogiotti,dambrogiottiia@abc.net.au,02/10/2024,209.166.48.85
660,My,Statham,mstathamib@wunderground.com,10/01/2023,128.161.246.217
661,Hurley,Carlisi,hcarlisiic@walmart.com,02/19/2024,96.96.239.251
662,Pippa,Nelissen,pnelissenid@squarespace.com,12/18/2023,133.164.192.173
663,Susanna,Schrader,sschraderie@businessinsider.com,07/27/2023,16.138.206.204
664,Germana,Stammers,gstammersif@github.com,12/08/2023,217.144.43.171
665,Juliette,Chidlow,jchidlowig@paypal.com,01/10/2024,119.98.128.40
666,Sharia,Gobell,sgobellih@paginegialle.it,02/12/2024,111.85.144.23
667,Filmore,Shillam,fshillamii@issuu.com,02/05/2024,104.15.179.27
668,Katinka,Olpin,kolpinij@scribd.com,12/28/2023,3.99.5.225
669,Phyllys,Du Pre,pdupreik@shareasale.com,01/10/2024,129.126.123.70
670,Hallie,Wearne,hwearneil@free.fr,07/06/2023,255.13.242.236
671,Jazmin,Kiely,jkielyim@wufoo.com,05/23/2023,136.77.97.233
672,Maria,Wix,mwixin@jiathis.com,03/22/2023,97.60.8.110
673,Doria,Hymers,dhymersio@tinyurl.com,11/28/2023,235.131.1.171
674,Gloriana,Eslinger,geslingerip@printfriendly.com,12/15/2023,209.215.73.127
675,Kerry,Rix,krixiq@princeton.edu,10/30/2023,46.89.43.167
676,Marabel,Nayshe,mnaysheir@upenn.edu,05/22/2023,144.111.143.39
677,Jacynth,Pigeon,jpigeonis@nbcnews.com,09/27/2023,74.140.81.118
678,Stinky,Brabon,sbrabonit@cmu.edu,06/11/2023,184.111.104.191
679,Hughie,Dowbakin,hdowbakiniu@businessinsider.com,03/28/2023,36.95.8.70
680,Aharon,Matten,amatteniv@flavors.me,06/13/2023,27.88.109.220
681,Ella,Studart,estudartiw@howstuffworks.com,02/10/2024,110.206.188.210
682,Hebert,Albion,halbionix@infoseek.co.jp,02/05/2024,121.159.133.17
683,Derk,Jedrasik,djedrasikiy@wikimedia.org,03/31/2023,85.163.117.62
684,Helyn,Kimbrey,hkimbreyiz@opensource.org,08/30/2023,184.22.168.47
685,Star,Doby,sdobyj0@indiatimes.com,12/09/2023,222.251.229.220
686,Davine,Strahan,dstrahanj1@alibaba.com,06/19/2023,250.88.59.163
687,Emmalee,Iskow,eiskowj2@nationalgeographic.com,07/15/2023,247.74.115.119
688,Rafaelita,Tummons,rtummonsj3@jiathis.com,11/08/2023,64.51.199.167
689,Ilyssa,Thiese,ithiesej4@123-reg.co.uk,05/23/2023,139.37.140.117
690,Pietro,Kerner,pkernerj5@github.com,06/05/2023,212.189.65.104
691,Haven,Ramplee,hrampleej6@oakley.com,08/08/2023,108.179.234.171
692,Ardine,Brosio,abrosioj7@cafepress.com,08/13/2023,139.255.105.3
693,Juana,Tumasian,jtumasianj8@facebook.com,04/16/2023,46.89.102.230
694,Willa,Pine,wpinej9@dedecms.com,12/14/2023,140.207.165.239
695,Fidelia,Fache,ffacheja@sciencedirect.com,03/25/2023,253.216.131.92
696,Rey,Reddington,rreddingtonjb@chicagotribune.com,05/25/2023,57.13.38.19
697,Dame,Gronaver,dgronaverjc@trellian.com,11/06/2023,157.89.137.213
698,Maegan,Crookall,mcrookalljd@booking.com,09/13/2023,207.0.55.73
699,Philippine,Chadburn,pchadburnje@howstuffworks.com,11/26/2023,81.39.243.18
700,North,Annice,nannicejf@deviantart.com,10/13/2023,121.237.100.239
701,Rosa,Andryunin,randryuninjg@bizjournals.com,10/01/2023,23.37.95.31
702,Latrina,McCarrell,lmccarrelljh@globo.com,05/11/2023,22.170.58.159
703,Barney,Diloway,bdilowayji@php.net,05/24/2023,204.237.106.32
704,Arnuad,Raun,araunjj@nps.gov,04/14/2023,190.164.62.105
705,Tandi,Iddiens,tiddiensjk@yellowbook.com,11/02/2023,117.15.210.254
706,Melody,Vertey,mverteyjl@samsung.com,03/30/2023,180.204.118.14
707,Harwell,Jenkin,hjenkinjm@naver.com,01/05/2024,73.239.189.194
708,Stefa,Yurkin,syurkinjn@nationalgeographic.com,05/20/2023,217.144.58.63
709,Odille,Dodds,ododdsjo@i2i.jp,03/14/2023,75.135.19.95
710,Giorgi,De Blasi,gdeblasijp@shareasale.com,03/14/2023,221.118.201.118
711,Philipa,Chellingworth,pchellingworthjq@tiny.cc,09/14/2023,189.68.38.60
712,Werner,Wehnerr,wwehnerrjr@blog.com,07/30/2023,164.76.222.198
713,Sharyl,Dovydenas,sdovydenasjs@networkadvertising.org,04/12/2023,109.164.24.204
714,Liliane,Jahn,ljahnjt@npr.org,07/12/2023,249.242.23.200
715,Hakim,Kittoe,hkittoeju@ifeng.com,12/19/2023,150.98.59.77
716,Tedi,Merigon,tmerigonjv@answers.com,09/11/2023,198.132.148.71
717,Tommie,Maffucci,tmaffuccijw@blogger.com,01/14/2024,127.193.94.24
718,Norry,Bulch,nbulchjx@hostgator.com,09/02/2023,121.71.126.254
719,Nealson,O'Nions,nonionsjy@weebly.com,04/24/2023,38.75.54.3
720,Othella,MacWhirter,omacwhirterjz@unesco.org,03/01/2024,187.194.212.200
721,Adey,Eveleigh,aeveleighk0@cnbc.com,06/01/2023,249.77.188.216
722,Faustine,Thaim,fthaimk1@gravatar.com,01/20/2024,55.169.106.92
723,Lou,Mathewson,lmathewsonk2@wunderground.com,11/26/2023,41.161.20.167
724,Dean,Attenbrough,dattenbroughk3@themeforest.net,07/21/2023,141.195.29.97
725,Rois,Slane,rslanek4@google.ru,02/19/2024,231.116.113.44
726,Debby,Jardine,djardinek5@google.fr,12/08/2023,115.17.27.215
727,Oliviero,Watkinson,owatkinsonk6@jiathis.com,05/08/2023,88.136.38.156
728,Niels,Drees,ndreesk7@house.gov,08/07/2023,28.7.73.173
729,Anitra,Derrington,aderringtonk8@ovh.net,01/21/2024,112.212.168.220
730,Zondra,Mapes,zmapesk9@seesaa.net,04/27/2023,174.6.237.184
731,Letti,Donisi,ldonisika@diigo.com,03/29/2023,34.40.164.133
732,Reynard,Pate,rpatekb@slashdot.org,05/09/2023,54.239.195.213
733,Hale,Eddicott,heddicottkc@fotki.com,06/05/2023,24.85.223.158
734,Ivie,Mendenhall,imendenhallkd@icq.com,04/03/2023,150.135.5.133
735,Gayler,Lynch,glynchke@ucla.edu,06/07/2023,247.138.156.48
736,Coleen,Pounder,cpounderkf@yellowpages.com,08/16/2023,90.100.154.15
737,Theo,Eldridge,teldridgekg@flickr.com,12/01/2023,85.193.2.188
738,Cody,Balcombe,cbalcombekh@businessinsider.com,04/27/2023,8.45.80.89
739,Adria,Silcocks,asilcockski@statcounter.com,09/13/2023,15.200.253.175
740,Erl,Klewi,eklewikj@shinystat.com,01/31/2024,204.118.114.88
741,Edin,Piken,epikenkk@paginegialle.it,02/28/2024,96.194.199.188
742,Inga,Malamore,imalamorekl@meetup.com,10/29/2023,125.159.88.106
743,Carissa,Lapree,clapreekm@canalblog.com,03/10/2024,102.0.95.90
744,Arlin,Benford,abenfordkn@nih.gov,08/11/2023,19.134.82.207
745,Adiana,Wisdish,awisdishko@utexas.edu,05/07/2023,175.181.29.114
746,Raynor,Culwen,rculwenkp@jiathis.com,12/14/2023,87.215.134.60
747,Xylina,Blaker,xblakerkq@ibm.com,01/18/2024,223.28.79.32
748,Sharity,Witard,switardkr@exblog.jp,10/15/2023,133.230.86.111
749,Cyndy,Klimshuk,cklimshukks@guardian.co.uk,05/06/2023,162.239.44.123
750,Nickolai,Avis,naviskt@unicef.org,09/21/2023,38.42.80.140
751,Eleanora,Tallyn,etallynku@wordpress.org,05/24/2023,80.14.139.200
752,Maurene,MacGeffen,mmacgeffenkv@dedecms.com,04/29/2023,213.212.96.12
753,Trudie,Burnie,tburniekw@wired.com,01/10/2024,5.3.207.220
754,Giraldo,Fursse,gfurssekx@tmall.com,08/20/2023,125.235.70.7
755,Reynard,Bullon,rbullonky@studiopress.com,09/26/2023,10.40.198.164
756,Lyndsey,Chadband,lchadbandkz@ucsd.edu,03/11/2024,2.31.199.159
757,Chickie,Ransome,cransomel0@parallels.com,10/18/2023,25.62.135.124
758,Pavla,Kilbride,pkilbridel1@multiply.com,02/23/2024,125.127.126.52
759,Robbert,Bracey,rbraceyl2@un.org,02/25/2024,39.47.19.234
760,Grete,Abraham,gabrahaml3@nsw.gov.au,06/25/2023,197.97.148.85
761,Ethelred,Shea,esheal4@yahoo.com,12/17/2023,160.217.174.138
762,Toiboid,Muldownie,tmuldowniel5@statcounter.com,12/16/2023,214.253.227.117
763,Arne,Hadenton,ahadentonl6@wisc.edu,12/15/2023,192.125.74.235
764,Arlin,Ivins,aivinsl7@wikia.com,05/02/2023,222.162.228.156
765,Jefferey,Kneal,jkneall8@mtv.com,04/20/2023,123.35.97.239
766,Ashlen,Cassella,acassellal9@ucoz.ru,04/01/2023,103.18.69.184
767,Paco,Sandever,psandeverla@omniture.com,09/03/2023,139.128.197.16
768,Moira,Dennis,mdennislb@si.edu,01/04/2024,204.100.83.3
769,Maire,Dangerfield,mdangerfieldlc@arizona.edu,04/19/2023,181.244.89.155
770,Germaine,Jewise,gjewiseld@rambler.ru,10/11/2023,59.205.69.79
771,Enrica,Lingard,elingardle@dyndns.org,03/05/2024,253.53.106.93
772,Madelaine,Rivett,mrivettlf@aboutads.info,12/26/2023,129.212.150.179
773,Rockwell,Tabb,rtabblg@symantec.com,11/10/2023,24.135.89.81
774,Sheeree,Costa,scostalh@shutterfly.com,06/29/2023,106.136.27.113
775,Raleigh,Tebbutt,rtebbuttli@newyorker.com,05/28/2023,115.60.34.27
776,Boote,Turpey,bturpeylj@amazonaws.com,06/30/2023,152.107.210.249
777,Tony,MacTrustey,tmactrusteylk@is.gd,12/10/2023,189.250.21.177
778,Mannie,Bresland,mbreslandll@miibeian.gov.cn,03/14/2023,99.7.159.204
779,Berky,Flarity,bflaritylm@mashable.com,05/16/2023,164.94.231.214
780,Helga,Fulcher,hfulcherln@newyorker.com,11/09/2023,47.138.41.218
781,Gustavus,Rittmeyer,grittmeyerlo@marriott.com,09/02/2023,221.19.39.9
782,Horace,McFetridge,hmcfetridgelp@sakura.ne.jp,04/21/2023,174.131.61.16
783,Mia,Sandcroft,msandcroftlq@prlog.org,05/08/2023,34.60.136.159
784,Saudra,Bortolazzi,sbortolazzilr@wired.com,04/24/2023,49.94.148.203
785,Quintina,Bessett,qbessettls@china.com.cn,02/25/2024,62.54.154.218
786,Johann,Tison,jtisonlt@behance.net,01/31/2024,231.164.90.55
787,Mariquilla,Sloegrave,msloegravelu@pen.io,04/18/2023,153.188.175.175
788,Faulkner,Sancroft,fsancroftlv@t-online.de,05/25/2023,19.198.120.203
789,Bengt,Chiene,bchienelw@constantcontact.com,02/23/2024,55.109.115.149
790,Beltran,Puttock,bputtocklx@about.com,02/24/2024,87.118.63.239
791,Lynda,Fouch,lfouchly@t.co,09/20/2023,62.0.171.185
792,Cherye,Lapsley,clapsleylz@theatlantic.com,11/09/2023,209.101.182.234
793,Georgy,Iston,gistonm0@umn.edu,08/13/2023,245.243.169.255
794,Gerri,McConaghy,gmcconaghym1@patch.com,01/14/2024,144.17.40.181
795,Flore,Whanstall,fwhanstallm2@skyrock.com,03/18/2023,73.165.82.195
796,Ringo,Traice,rtraicem3@godaddy.com,02/27/2024,153.62.148.115
797,Perl,Fahy,pfahym4@squidoo.com,07/29/2023,110.5.159.238
798,Celestyna,Davidsen,cdavidsenm5@blogspot.com,03/19/2023,31.225.95.14
799,Marcelline,Mattimoe,mmattimoem6@huffingtonpost.com,07/04/2023,108.65.241.82
800,Linzy,Boughen,lboughenm7@hostgator.com,11/17/2023,153.100.72.176
801,Celestyna,Neenan,cneenanm8@yolasite.com,05/30/2023,236.149.20.4
802,Antone,Jobbings,ajobbingsm9@ebay.co.uk,09/22/2023,236.126.186.162
803,Merwyn,Clausius,mclausiusma@google.de,10/27/2023,102.90.73.1
804,Cordi,Keling,ckelingmb@wikipedia.org,12/17/2023,172.175.118.203
805,Kat,Blackadder,kblackaddermc@comsenz.com,08/11/2023,6.146.12.133
806,Kerwin,Doble,kdoblemd@google.co.uk,12/22/2023,173.248.108.145
807,Etan,Larrat,elarratme@chron.com,05/21/2023,246.90.84.61
808,Asa,Insole,ainsolemf@mlb.com,02/04/2024,243.220.81.127
809,Jenica,Jossum,jjossummg@ebay.co.uk,11/25/2023,13.79.96.59
810,Leilah,Jeffrey,ljeffreymh@tripod.com,01/16/2024,89.187.125.253
811,Mallory,Balog,mbalogmi@elpais.com,02/28/2024,70.73.140.35
812,Annemarie,Lickess,alickessmj@1und1.de,11/26/2023,16.28.105.105
813,Hadlee,Bilovus,hbilovusmk@deviantart.com,12/30/2023,173.72.197.71
814,Ike,Shardlow,ishardlowml@squidoo.com,03/13/2023,0.119.102.180
815,Elsa,Reagan,ereaganmm@devhub.com,10/08/2023,131.142.161.173
816,Ingaberg,Carnoghan,icarnoghanmn@europa.eu,06/18/2023,191.136.105.41
817,Bobbee,Keelinge,bkeelingemo@people.com.cn,08/07/2023,208.193.131.121
818,Bobinette,Tweedy,btweedymp@craigslist.org,06/19/2023,195.3.162.157
819,Lilah,Hayton,lhaytonmq@twitpic.com,05/06/2023,126.120.140.16
820,Phaidra,Robbe,probbemr@sitemeter.com,12/16/2023,188.166.159.66
821,Burch,Hehir,bhehirms@ning.com,07/08/2023,35.221.195.121
822,Ulrich,Allibone,uallibonemt@tumblr.com,07/07/2023,200.40.237.36
823,Dorella,Partrick,dpartrickmu@seesaa.net,12/25/2023,123.39.42.161
824,Olenka,Browett,obrowettmv@admin.ch,09/25/2023,156.104.174.245
825,Nerta,Guarnier,nguarniermw@freewebs.com,05/09/2023,36.71.112.134
826,Alfredo,Readmire,areadmiremx@patch.com,07/15/2023,95.158.64.236
827,Adrianna,Aneley,aaneleymy@acquirethisname.com,09/16/2023,152.171.87.77
828,Isabella,Stride,istridemz@uiuc.edu,06/14/2023,85.120.135.81
829,Kali,Holsey,kholseyn0@symantec.com,02/17/2024,180.169.101.164
830,Ashlee,Hassall,ahassalln1@squarespace.com,04/21/2023,175.105.139.110
831,Mozelle,Leebetter,mleebettern2@webeden.co.uk,11/03/2023,141.111.250.227
832,Ariel,Noone,anoonen3@facebook.com,07/01/2023,202.89.113.255
833,Alec,Heggman,aheggmann4@weebly.com,09/05/2023,136.217.139.41
834,Temp,Rigge,triggen5@friendfeed.com,04/17/2023,134.13.197.218
835,Patrica,Malec,pmalecn6@alibaba.com,02/26/2024,48.236.23.141
836,Kassey,Allibone,kallibonen7@hubpages.com,04/04/2023,0.224.31.29
837,Deena,Roycroft,droycroftn8@wp.com,07/30/2023,206.45.21.109
838,Hasheem,Keller,hkellern9@yandex.ru,01/12/2024,121.17.211.229
839,Christi,Acarson,cacarsonna@simplemachines.org,11/01/2023,36.241.176.99
840,Ronald,McCumesky,rmccumeskynb@chicagotribune.com,11/26/2023,175.10.255.3
841,Norrie,Rowthorn,nrowthornnc@hp.com,03/25/2023,62.10.170.0
842,Abbey,MacAloren,amacalorennd@engadget.com,09/28/2023,242.60.158.57
843,Bartie,Rau,braune@hubpages.com,07/24/2023,14.74.3.102
844,Gregg,McLachlan,gmclachlannf@bbc.co.uk,12/20/2023,87.160.201.227
845,Melany,Sealey,msealeyng@mashable.com,10/07/2023,134.109.147.45
846,Eleonore,Ruberry,eruberrynh@disqus.com,03/25/2023,217.249.134.128
847,Consolata,Ceyssen,cceyssenni@merriam-webster.com,12/21/2023,24.65.181.118
848,Katheryn,Alu,kalunj@elegantthemes.com,06/05/2023,253.79.170.198
849,Em,Rivilis,erivilisnk@nba.com,12/16/2023,144.161.92.178
850,Patricio,Vahl,pvahlnl@so-net.ne.jp,01/31/2024,3.240.47.7
851,Merrile,Feasey,mfeaseynm@skype.com,02/14/2024,194.229.59.31
852,Clarance,Samme,csammenn@bbc.co.uk,09/15/2023,182.245.15.93
853,Meaghan,Clemmow,mclemmowno@163.com,12/19/2023,108.173.24.192
854,Chastity,Pynner,cpynnernp@livejournal.com,04/11/2023,44.160.186.237
855,Thayne,Hadcock,thadcocknq@engadget.com,11/06/2023,200.93.174.105
856,Lilyan,Jedrzej,ljedrzejnr@oracle.com,09/08/2023,244.206.147.174
857,Augustus,Gilbee,agilbeens@apache.org,06/08/2023,236.54.235.241
858,Modesta,Emanson,memansonnt@narod.ru,06/15/2023,53.148.90.27
859,Briant,Brealey,bbrealeynu@state.tx.us,07/25/2023,37.216.119.53
860,Dilan,Brecknell,dbrecknellnv@wikimedia.org,05/30/2023,254.103.81.239
861,Mattie,Howie,mhowienw@twitpic.com,08/08/2023,43.175.42.40
862,Welsh,Matejovsky,wmatejovskynx@omniture.com,06/23/2023,225.108.88.21
863,Shirley,Scrauniage,sscrauniageny@addtoany.com,11/10/2023,246.53.157.217
864,Kenton,Patershall,kpatershallnz@google.com,08/25/2023,116.209.148.66
865,Morly,Cottier,mcottiero0@vinaora.com,06/25/2023,182.81.30.215
866,Sinclare,Train,straino1@creativecommons.org,07/13/2023,145.60.42.135
867,Bourke,Cambell,bcambello2@miibeian.gov.cn,11/08/2023,134.192.0.92
868,Gustie,Wiggans,gwigganso3@miitbeian.gov.cn,08/03/2023,58.104.25.74
869,Merna,Cavnor,mcavnoro4@tmall.com,10/16/2023,81.160.81.126
870,Adrien,Bryns,abrynso5@sciencedaily.com,08/23/2023,134.247.9.161
871,Tabby,Gidman,tgidmano6@i2i.jp,09/10/2023,53.147.46.181
872,Bari,Rainton,braintono7@un.org,10/21/2023,215.241.245.139
873,Stacy,Ianni,siannio8@loc.gov,05/01/2023,251.51.35.9
874,Terry,Sellar,tsellaro9@csmonitor.com,12/03/2023,235.65.15.159
875,Gracia,Hayton,ghaytonoa@msu.edu,05/20/2023,110.95.10.137
876,Clarke,Binion,cbinionob@desdev.cn,10/29/2023,134.144.254.138
877,Nelie,Swenson,nswensonoc@netvibes.com,10/28/2023,104.174.219.81
878,Murry,Halloway,mhallowayod@yellowpages.com,03/05/2024,185.38.155.217
879,Noel,Bollini,nbollinioe@friendfeed.com,01/12/2024,245.66.84.207
880,Shanan,Mundy,smundyof@sogou.com,09/23/2023,115.139.249.197
881,Nedda,Tuckwell,ntuckwellog@domainmarket.com,02/16/2024,195.203.67.168
882,Newton,Waltering,nwalteringoh@state.tx.us,12/25/2023,213.197.89.170
883,Aggi,Pipet,apipetoi@theguardian.com,09/23/2023,48.247.157.245
884,Ebonee,Seide,eseideoj@wikispaces.com,01/02/2024,188.127.213.145
885,Dalenna,Forth,dforthok@boston.com,03/06/2024,61.232.243.100
886,Joleen,Tett,jtettol@craigslist.org,01/03/2024,157.0.119.151
887,Mikey,Betz,mbetzom@mit.edu,10/16/2023,98.80.60.19
888,Sinclair,Kerne,skerneon@php.net,09/09/2023,254.175.86.190
889,Whittaker,Mynett,wmynettoo@bigcartel.com,01/20/2024,239.33.169.224
890,Shel,Corringham,scorringhamop@npr.org,07/03/2023,26.54.247.211
891,Mannie,Padillo,mpadillooq@eventbrite.com,11/03/2023,183.176.181.26
892,Teresa,Titcomb,ttitcombor@blog.com,03/28/2023,90.156.201.88
893,Oona,Haddow,ohaddowos@springer.com,02/09/2024,141.25.113.199
894,Di,Scamadin,dscamadinot@sina.com.cn,09/24/2023,187.128.162.38
895,Pate,Canet,pcanetou@a8.net,12/14/2023,4.185.6.187
896,Tessy,Dorkin,tdorkinov@prnewswire.com,11/24/2023,251.89.208.66
897,Tiebold,Stockford,tstockfordow@ca.gov,06/19/2023,131.115.214.106
898,Jordan,Duns,jdunsox@goo.gl,05/11/2023,138.109.249.160
899,Cedric,Dallosso,cdallossooy@php.net,10/12/2023,211.245.88.237
900,Christy,Gilsthorpe,cgilsthorpeoz@amazon.com,03/19/2023,45.181.52.181
901,Maurie,Landells,mlandellsp0@guardian.co.uk,10/16/2023,120.41.71.75
902,Kaye,Laidler,klaidlerp1@blog.com,10/04/2023,183.78.117.100
903,Stephenie,Kadd,skaddp2@squarespace.com,09/08/2023,3.189.51.46
904,Marijn,Illston,millstonp3@ow.ly,02/13/2024,66.17.83.3
905,Risa,Growy,rgrowyp4@unesco.org,01/22/2024,215.176.246.205
906,Cori,Tolussi,ctolussip5@ucoz.com,09/15/2023,129.114.220.97
907,Willard,Vido,wvidop6@wordpress.com,10/24/2023,131.12.151.227
908,Clevie,Ferns,cfernsp7@nhs.uk,04/17/2023,122.94.44.158
909,Monty,Keynes,mkeynesp8@uol.com.br,04/17/2023,20.172.65.152
910,Gerhardt,Keppin,gkeppinp9@de.vu,05/25/2023,167.31.8.54
911,Mariellen,Leatherborrow,mleatherborrowpa@bloomberg.com,07/26/2023,138.41.143.121
912,Ramsey,Laughlin,rlaughlinpb@diigo.com,10/04/2023,95.64.214.197
913,Bernardo,Gley,bgleypc@macromedia.com,07/09/2023,11.133.240.149
914,Riannon,Van,rvanpd@archive.org,05/06/2023,100.40.109.227
915,Martina,Siegertsz,msiegertszpe@berkeley.edu,05/31/2023,29.198.254.28
916,Elwira,Ostrich,eostrichpf@msn.com,09/30/2023,127.90.208.21
917,Janaya,Albin,jalbinpg@archive.org,01/01/2024,77.98.235.176
918,Hedda,Stocks,hstocksph@google.fr,09/06/2023,38.195.250.174
919,Samantha,Diperaus,sdiperauspi@behance.net,04/16/2023,179.163.12.82
920,Robin,Palek,rpalekpj@ycombinator.com,05/08/2023,172.167.234.108
921,Nap,Yukhov,nyukhovpk@studiopress.com,01/26/2024,173.96.34.136
922,Rockwell,Taynton,rtayntonpl@posterous.com,01/27/2024,117.30.224.115
923,Sutton,Hakey,shakeypm@scientificamerican.com,07/30/2023,44.156.111.11
924,Billye,Poor,bpoorpn@buzzfeed.com,02/11/2024,66.86.28.110
925,Abbi,Ondra,aondrapo@4shared.com,10/18/2023,133.133.129.138
926,Carlotta,Fones,cfonespp@booking.com,07/14/2023,206.24.228.151
927,Hyacintha,Hovie,hhoviepq@nbcnews.com,09/12/2023,229.212.134.200
928,Corabelle,Caw,ccawpr@chron.com,08/27/2023,43.165.47.38
929,Hastings,Danick,hdanickps@godaddy.com,05/26/2023,65.251.189.61
930,Alexandrina,Ismirnioglou,aismirniogloupt@spiegel.de,04/02/2023,241.1.72.239
931,Ezechiel,Puckey,epuckeypu@phoca.cz,03/07/2024,134.146.192.246
932,Findlay,Bidwell,fbidwellpv@state.gov,03/12/2023,32.67.131.97
933,Cody,Hurley,churleypw@nifty.com,05/26/2023,119.101.184.0
934,Domingo,Boxhill,dboxhillpx@example.com,05/27/2023,224.31.103.112
935,Alfonso,Calven,acalvenpy@jimdo.com,02/27/2024,208.244.45.10
936,Antonina,Ferentz,aferentzpz@bigcartel.com,03/23/2023,82.185.31.164
937,Agathe,Jecks,ajecksq0@sitemeter.com,09/23/2023,194.131.254.186
938,Alana,Duffil,aduffilq1@csmonitor.com,06/22/2023,164.30.146.60
939,Elenore,Crowche,ecrowcheq2@aol.com,04/25/2023,230.173.144.48
940,Estelle,Yele,eyeleq3@biglobe.ne.jp,08/27/2023,159.48.151.72
941,Colleen,Scandred,cscandredq4@wp.com,12/31/2023,144.34.118.190
942,Jade,Snoding,jsnodingq5@amazon.co.uk,03/30/2023,103.60.136.189
943,Lamont,O' Reagan,loreaganq6@sphinn.com,08/09/2023,205.211.100.139
944,Idalia,Flawn,iflawnq7@deliciousdays.com,05/18/2023,214.108.28.0
945,Hynda,Cassella,hcassellaq8@blogs.com,01/26/2024,130.147.220.112
946,Anna-diana,Scamal,ascamalq9@rediff.com,01/12/2024,163.162.61.182
947,Miner,Mussotti,mmussottiqa@elegantthemes.com,06/18/2023,170.57.4.19
948,Ferdinand,Elphinston,felphinstonqb@examiner.com,05/27/2023,168.153.201.12
949,Ogdan,Needham,oneedhamqc@wikispaces.com,01/17/2024,88.111.113.11
950,Nari,Pressland,npresslandqd@mozilla.com,11/23/2023,118.123.72.95
951,Palmer,Peschet,ppeschetqe@opensource.org,02/29/2024,123.187.126.3
952,Noemi,Fanthom,nfanthomqf@foxnews.com,11/23/2023,80.152.11.49
953,Bat,Course,bcourseqg@shutterfly.com,06/08/2023,182.168.51.176
954,Kamilah,Chadney,kchadneyqh@ow.ly,02/20/2024,254.87.26.13
955,Basilio,Petchey,bpetcheyqi@tmall.com,12/25/2023,152.149.173.127
956,Benjie,Delgadillo,bdelgadilloqj@soundcloud.com,03/17/2023,249.149.199.234
957,Nicolle,Mountney,nmountneyqk@mail.ru,03/02/2024,154.45.237.180
958,Pall,Job,pjobql@google.com.au,02/17/2024,12.178.27.191
959,Willamina,Coolican,wcoolicanqm@so-net.ne.jp,05/01/2023,232.69.0.100
960,Reginald,Spenclay,rspenclayqn@umich.edu,10/07/2023,174.172.138.155
961,Saxon,Lehrian,slehrianqo@networksolutions.com,11/22/2023,196.79.155.208
962,Georgeanne,Beddingham,gbeddinghamqp@topsy.com,12/25/2023,51.153.132.75
963,Carly,Wildor,cwildorqq@spiegel.de,10/21/2023,79.178.129.103
964,Melita,Shearstone,mshearstoneqr@phoca.cz,09/16/2023,29.246.58.230
965,Raf,Flexman,rflexmanqs@microsoft.com,01/06/2024,135.132.152.209
966,Karena,Sharram,ksharramqt@ted.com,10/11/2023,128.199.202.47
967,Rianon,Samson,rsamsonqu@disqus.com,10/25/2023,114.6.241.21
968,Kaine,Thody,kthodyqv@storify.com,11/01/2023,196.72.1.190
969,Shelby,McNeely,smcneelyqw@nih.gov,05/27/2023,180.220.6.253
970,Hedwiga,Garred,hgarredqx@census.gov,03/12/2023,206.71.99.38
971,Chane,Petrazzi,cpetrazziqy@japanpost.jp,02/04/2024,88.123.225.214
972,Conway,Renton,crentonqz@amazonaws.com,04/03/2023,7.8.148.241
973,Regan,Hadkins,rhadkinsr0@wikia.com,03/05/2024,36.176.118.42
974,Eustace,Ferry,eferryr1@cyberchimps.com,07/21/2023,186.220.224.21
975,Amii,Marushak,amarushakr2@unicef.org,01/15/2024,138.156.238.26
976,Margalo,Sweett,msweettr3@addtoany.com,07/21/2023,12.5.135.181
977,Austina,Stiddard,astiddardr4@walmart.com,02/01/2024,224.250.255.198
978,Lulita,Colls,lcollsr5@dot.gov,12/05/2023,50.124.28.152
979,Pavel,Kairns,pkairnsr6@booking.com,12/17/2023,41.216.118.128
980,Valentina,Maccaig,vmaccaigr7@slate.com,06/22/2023,153.142.135.139
981,Barn,Wiltshaw,bwiltshawr8@loc.gov,02/06/2024,106.59.205.8
982,Bruce,Pinwill,bpinwillr9@sourceforge.net,01/19/2024,91.11.146.104
983,Barton,Dytham,bdythamra@behance.net,09/12/2023,173.240.47.5
984,Ambrosi,Goldsbury,agoldsburyrb@diigo.com,09/03/2023,113.78.123.203
985,Cordelie,Matzke,cmatzkerc@wunderground.com,09/24/2023,11.101.188.161
986,Cariotta,Jeannon,cjeannonrd@upenn.edu,04/24/2023,122.62.140.86
987,Shanna,Rickaby,srickabyre@livejournal.com,10/18/2023,4.105.209.45
988,Marjorie,Mendoza,mmendozarf@domainmarket.com,10/31/2023,25.131.241.183
989,Miner,Rumgay,mrumgayrg@washington.edu,01/15/2024,39.121.33.106
990,Dominique,Langthorne,dlangthornerh@dedecms.com,07/04/2023,44.234.108.208
991,Jecho,Havoc,jhavocri@gravatar.com,05/27/2023,248.129.224.23
992,Rochester,Braams,rbraamsrj@smugmug.com,11/12/2023,225.32.255.240
993,Annmaria,Impey,aimpeyrk@nyu.edu,10/02/2023,115.74.114.172
994,Sheffy,Thunder,sthunderrl@washingtonpost.com,03/31/2023,153.69.191.138
995,Orrin,Hurl,ohurlrm@ask.com,03/21/2023,177.101.95.221
996,Coral,Strong,cstrongrn@wikipedia.org,07/30/2023,129.12.135.214
997,Angel,Riccioppo,aricciopporo@cocolog-nifty.com,09/01/2023,153.112.85.172
998,Goldia,Marieton,gmarietonrp@constantcontact.com,09/05/2023,25.27.73.208
999,Melanie,Gillice,mgillicerq@vistaprint.com,07/28/2023,63.55.133.113
1000,Bonny,Heinschke,bheinschkerr@wikispaces.com,10/27/2023,185.172.25.199
